1,usama Mubashar,al hamra town Lahore,3059681748,3.66E+12,usama123,79403720,0,1.23E+15,7231,T
2,Mubashar,al hamra town Lahore,3059681748,3232323212,mubashar123,79403720,0,1.24E+15,2344,T
3,tooba,narowal,30303030303,3.66036E+11,tooba,tooba,0,5.32645E+15,9878,T
5,mahad ali,narowal,34875782819,2.9894E+14,mahad,mahad,0,2.59869E+15,9999,T
6,hijab,karachi,30938223,67837827389,hijab2811,hijab2811,0,9.01162E+15,2811,T